{"scrub_offset":0,"filt_offset":0,"duct_offset":0,"filt_slope":1.0666666666666664,"scrub_slope":1.0434782608695652,"duct_slope":1}